file,label,noise_sigma,edge_density,jpeg_quality,f_0,f_1,f_2,f_3,f_4,f_5,f_6,f_7,f_8,f_9,f_10,f_11,f_12
real_001.jpg,real,0.0017,2e-06,95,0.00220457068644464,3.4221150144730927e-06,0.00039092713268473744,0.005558507516980171,0.6619043946266174,0.0009139872272498906,0.09999992698431015,0.5655578374862671,0.5312657356262207,0.41275084018707275,0.8927236795425415,1.9470300674438477,0.03429210186004639
real_002.jpg,real,0.0017,2e-06,95,0.002273844787850976,3.1418878734257305e-06,0.00011116355017293245,0.004775342531502247,0.6924757361412048,0.0007718496490269899,0.09975337982177734,0.6261634826660156,0.6707137823104858,0.7904422283172607,0.6493581533432007,2.1471333503723145,0.044550299644470215
real_003.jpg,real,0.0016,2e-06,97,0.00205271621234715,3.200713308615377e-06,0.00047561805695295334,0.005314127542078495,0.7006664276123047,0.0009061401942744851,0.09999662637710571,0.6089413166046143,0.5465165376663208,0.4838268756866455,0.8867332935333252,1.52247154712677,0.06242477893829346
real_004.jpg,real,0.0016,2e-06,96,0.0022151656448841095,3.49925198861456e-06,3.569910768419504e-05,0.005566825158894062,0.7069146633148193,0.0009571167756803334,0.09999748319387436,0.4660342335700989,0.5582235455513,0.2368287295103073,0.7358810901641846,1.638477087020874,0.09218931198120117
real_005.jpg,real,0.0018,2e-06,96,0.0024778537917882204,3.739683734238497e-06,0.0005579351563937962,0.005604523234069347,0.6698366403579712,0.0009023325401358306,0.0999373272061348,0.5879133939743042,0.5614454746246338,0.5238747596740723,0.8858093023300171,1.599831461906433,0.02646791934967041
real_006.jpg,real,0.0017,2e-06,96,0.002279014326632023,2.974731387439533e-06,0.00023893559409771115,0.004471244290471077,0.6830324530601501,0.0006957902223803103,0.09950526058673859,0.17643408477306366,0.16861166059970856,0.1494460105895996,0.7055060267448425,2.2165651321411133,0.007822424173355103
real_007.jpg,real,0.0023,3e-06,95,0.003172463271766901,5.2573391258192714e-06,0.0004160708631388843,0.006863522808998823,0.599014937877655,0.0010206685401499271,0.09999576210975647,0.6289187669754028,0.5887898802757263,0.5111283659934998,0.926708459854126,1.3811339139938354,0.040128886699676514
real_008.jpg,real,0.0019,3e-06,95,0.002579580759629607,3.920592916983878e-06,0.0002462062693666667,0.005827421322464943,0.7177907228469849,0.000901219027582556,0.09999202191829681,0.5569918751716614,0.457610547542572,0.33911168575286865,0.7901514172554016,1.3522181510925293,0.09938132762908936
real_009.jpg,real,0.002,3e-06,98,0.002707391744479537,4.316832928452641e-06,0.0006084674969315529,0.006234142929315567,0.6306477785110474,0.0009592609130777419,0.09999637305736542,0.5219619870185852,0.5173223614692688,0.5117982625961304,0.9476093649864197,1.3943840265274048,0.004639625549316406
real_010.jpg,real,0.0019,3e-06,95,0.00252402201294899,4.079146037838655e-06,0.0001206604138133116,0.006092086434364319,0.5825960636138916,0.000989512074738741,0.10000009834766388,0.5368876457214355,0.40333354473114014,0.21388526260852814,0.935691237449646,1.3731861114501953,0.1335541009902954
real_011.jpg,real,0.0014,2e-06,95,0.0017397160409018397,2.653014689713018e-06,0.00011732672282960266,0.004904474131762981,0.7267113924026489,0.0008549232734367251,0.1000000536441803,0.3217446804046631,0.26141244173049927,0.19829538464546204,0.636567234992981,1.3971495628356934,0.06033223867416382
real_012.jpg,real,0.0018,3e-06,95,0.002455768408253789,3.886305876221741e-06,0.00012352125486359,0.0059838988818228245,0.6163545846939087,0.0009519721497781575,0.10000012069940567,0.43541133403778076,0.3974025249481201,0.35902416706085205,0.7551097273826599,1.16481614112854,0.038008809089660645
real_013.jpg,real,0.0013,2e-06,96,0.001726091024465859,2.402098289167043e-06,8.329270349349827e-05,0.004310877062380314,0.7221486568450928,0.0007408902747556567,0.09988022595643997,0.5047787427902222,0.5261576771736145,0.3273705542087555,0.666763424873352,1.992791771888733,0.021378934383392334
real_014.jpg,real,0.0016,2e-06,96,0.0021154354326426983,3.2092393666971475e-06,0.0012992750853300095,0.0053830016404390335,0.6754268407821655,0.00087265350157395,0.09999919682741165,0.28189679980278015,0.25774991512298584,0.24790361523628235,0.836760401725769,1.8390668630599976,0.02414688467979431
real_015.jpg,real,0.002,3e-06,95,0.0027679428458213806,4.561824880511267e-06,0.0003038974537048489,0.006481813732534647,0.565566897392273,0.000983380596153438,0.09999919682741165,0.5947969555854797,0.559880793094635,0.4772343039512634,0.9238603711128235,1.316640019416809,0.03491616249084473
real_016.jpg,real,0.0015,2e-06,96,0.0020103808492422104,3.0113051252556033e-06,0.00028596704942174256,0.005118456203490496,0.7104831337928772,0.0008559306152164936,0.09998945891857147,0.28716346621513367,0.3748912215232849,0.5525320172309875,0.8285202383995056,1.7341499328613281,0.08772775530815125
real_017.jpg,real,0.0016,2e-06,98,0.002065903041511774,3.094345174758928e-06,0.0001117223800974898,0.005195348523557186,0.7293992042541504,0.0008374042226932943,0.0999947041273117,0.4974348545074463,0.5351293087005615,0.5094406008720398,0.740646243095398,1.7860661745071411,0.037694454193115234
real_018.jpg,real,0.0019,3e-06,96,0.002617703750729561,4.183371402177727e-06,0.0002741315693128854,0.006179510150104761,0.5803590416908264,0.0009676557965576649,0.10000014305114746,0.503237247467041,0.564276397228241,0.5018312931060791,0.9316050410270691,1.3374924659729004,0.06103914976119995
real_019.jpg,real,0.002,3e-06,98,0.002786776050925255,4.466922746360069e-06,0.0012371035991236567,0.006410845555365086,0.5957087278366089,0.0009454339742660522,0.09999898076057434,0.4085794985294342,0.34610453248023987,0.3097439706325531,0.8398712277412415,1.427390694618225,0.062474966049194336
real_020.jpg,real,0.0023,3e-06,97,0.003236516611650586,5.274522663967218e-06,0.00017920907703228295,0.006966385059058666,0.5602247714996338,0.000985960359685123,0.09999968856573105,0.4279457926750183,0.48171481490135193,0.4481404721736908,0.8265264630317688,1.1029338836669922,0.05376902222633362
real_021.jpg,real,0.002,3e-06,95,0.002767514204606414,4.5812848838977516e-06,0.0008846197742968798,0.006401929538697004,0.6217723488807678,0.0010215194197371602,0.10000017285346985,0.41992324590682983,0.4002644717693329,0.29267004132270813,0.9429816603660583,1.7555583715438843,0.019658774137496948
real_022.jpg,real,0.0018,3e-06,96,0.0023656596895307302,3.670974820124684e-06,6.179561751196161e-05,0.005800195038318634,0.5970478653907776,0.0009121441398747265,0.09999742358922958,0.6796514987945557,0.6677559018135071,0.5126752853393555,0.8359532356262207,1.3173329830169678,0.011895596981048584
real_023.jpg,real,0.0019,3e-06,98,0.002527922159060836,3.6919470858265413e-06,0.00027733572642318904,0.005504174157977104,0.673308789730072,0.0008064013090915978,0.09987403452396393,0.6272757053375244,0.6272757053375244,0.6272757053375244,0.9063804745674133,1.8022871017456055,0.0
real_024.jpg,real,0.0015,2e-06,97,0.0019145188853144646,2.880172360164579e-06,0.0001666833268245682,0.0049971635453403,0.7140206694602966,0.0008523315191268921,0.09999538958072662,0.5164213180541992,0.49488332867622375,0.4532410204410553,0.8335238695144653,1.7296768426895142,0.021537989377975464
real_025.jpg,real,0.0015,2e-06,97,0.0019043845823034644,2.631652705531451e-06,0.0005170003860257566,0.004614377394318581,0.7097507119178772,0.0007418240420520306,0.09994500875473022,0.4575748145580292,0.3474330008029938,0.2661677300930023,0.7310441732406616,2.097395896911621,0.1101418137550354
real_026.jpg,real,0.0016,2e-06,96,0.0020846822299063206,3.1170955026027514e-06,5.840036828885786e-05,0.005226404406130314,0.7084830403327942,0.0008655692217871547,0.09999920427799225,0.3897347152233124,0.2964268624782562,0.16627298295497894,0.7233009934425354,1.478870153427124,0.09330785274505615
real_027.jpg,real,0.0022,3e-06,96,0.0031648529693484306,4.6588961595261935e-06,2.524104820622597e-05,0.0059462604112923145,0.6567210555076599,0.000798162305727601,0.09975634515285492,0.7236788868904114,0.7131021022796631,0.7384049296379089,0.8173245191574097,1.5349920988082886,0.010576784610748291
real_028.jpg,real,0.0016,2e-06,97,0.0020903872791677713,2.9055015602352796e-06,0.0001430990669177845,0.004949771799147129,0.7162876129150391,0.0007805623463355005,0.09999135136604309,0.42688748240470886,0.4498378336429596,0.5651841163635254,0.8153529763221741,2.1358931064605713,0.022950351238250732
real_029.jpg,real,0.002,3e-06,95,0.0026553941424936056,4.342406100477092e-06,0.00024962451425381005,0.006315463222563267,0.5806712508201599,0.000985843245871365,0.09999985992908478,0.5863552689552307,0.5152177214622498,0.3693121075630188,0.8615837097167969,1.1518502235412598,0.07113754749298096
real_030.jpg,real,0.002,3e-06,95,0.002768139122053981,4.432216883287765e-06,0.0004036377358715981,0.00626172823831439,0.6531509160995483,0.0009896991541609168,0.09999476373195648,0.42124268412590027,0.21059642732143402,0.3606920540332794,0.8591766357421875,1.4904263019561768,0.21064625680446625
real_031.jpg,real,0.0023,3e-06,98,0.003178753424435854,5.214638804318383e-06,0.0007307326886802912,0.006780048366636038,0.6544791460037231,0.0009979413589462638,0.09999804943799973,0.441446453332901,0.42504486441612244,0.39321792125701904,0.9236862063407898,2.020529270172119,0.016401588916778564
real_032.jpg,real,0.002,3e-06,95,0.002783855888992548,4.863830326939933e-06,0.0002415898779872805,0.006666415371000767,0.6409777998924255,0.0011338056065142155,0.09999353438615799,0.6805717349052429,0.4924789071083069,0.45958808064460754,0.8557229042053223,1.4259876012802124,0.18809282779693604
real_033.jpg,real,0.0022,3e-06,97,0.0031616329215466976,5.054214398114709e-06,0.0002920008555520326,0.006794110406190157,0.5863857865333557,0.0009631718276068568,0.09999893605709076,0.6190260648727417,0.5390695929527283,0.4028209149837494,0.9376596212387085,1.3615782260894775,0.07995647192001343
real_034.jpg,real,0.0015,2e-06,97,0.0019618291407823563,2.8841550374636427e-06,7.536701014032587e-05,0.004926733672618866,0.7571662068367004,0.0008491346379742026,0.09998324513435364,0.3735853135585785,0.6449899673461914,0.5180363655090332,0.6830555200576782,1.8712152242660522,0.2714046537876129
real_035.jpg,real,0.002,3e-06,97,0.0027518318966031075,4.430190983839566e-06,0.0004761777527164668,0.006284047849476337,0.6071968078613281,0.0009762085974216461,0.09999727457761765,0.5862286686897278,0.5640698671340942,0.5005057454109192,0.9304283857345581,1.2335479259490967,0.022158801555633545
real_036.jpg,real,0.0017,3e-06,95,0.0022630253806710243,3.6713988720293855e-06,0.00029608263866975904,0.0057918173260986805,0.6429269909858704,0.0009818346006795764,0.09999864548444748,0.6420894861221313,0.49105164408683777,0.23058927059173584,0.871273398399353,1.3195148706436157,0.15103784203529358
real_037.jpg,real,0.0015,2e-06,98,0.0018475098768249154,2.818465873133391e-06,0.00015291248564608395,0.004987828899174929,0.7283945083618164,0.0008174105896614492,0.09999831765890121,0.3155069351196289,0.36667600274086,0.2686159014701843,0.694485068321228,1.467995524406433,0.05116906762123108
real_038.jpg,real,0.0019,3e-06,95,0.0025276560336351395,3.879591531585902e-06,0.00011623193131526932,0.005898090545088053,0.6088334321975708,0.0009078700095415115,0.09997570514678955,0.6169591546058655,0.6309793591499329,0.6408844590187073,0.903695285320282,1.7654026746749878,0.014020204544067383
real_039.jpg,real,0.0017,3e-06,98,0.002134746639057994,3.619016752054449e-06,7.830588583601639e-05,0.005726533941924572,0.6972184181213379,0.0010042843641713262,0.09999506175518036,0.5622079968452454,0.6515042781829834,0.1978142261505127,0.6996033787727356,1.5509220361709595,0.08929628133773804
real_040.jpg,real,0.002,3e-06,95,0.0027850286569446325,4.281980636733351e-06,3.997292151325382e-05,0.006073177792131901,0.6556363105773926,0.0008730851113796234,0.10000003129243851,0.605405867099762,0.6061895489692688,0.6282572150230408,0.8654738068580627,1.4027897119522095,0.0007836818695068359
real_041.jpg,real,0.0025,4e-06,97,0.0035662243608385324,6.082816071284469e-06,0.0002797996567096561,0.007425465155392885,0.5493519306182861,0.0010405690409243107,0.10000018030405045,0.5734512805938721,0.463721364736557,0.29228803515434265,0.8867225646972656,1.143099308013916,0.10972991585731506
real_042.jpg,real,0.0016,2e-06,97,0.0020625467877835035,2.9939865271444432e-06,0.0006847291951999068,0.005143947433680296,0.6599270701408386,0.0008041065302677453,0.09999487549066544,0.4842274487018585,0.4842274487018585,0.4842274487018585,0.9076251983642578,1.7551649808883667,0.0
real_043.jpg,real,0.002,3e-06,96,0.0026953653432428837,4.100630121683935e-06,0.00031970840063877404,0.006072100251913071,0.594497799873352,0.000895014323759824,0.09999997168779373,0.4172360301017761,0.42600923776626587,0.4118184447288513,0.9245069622993469,1.8250471353530884,0.008773207664489746
real_044.jpg,real,0.0022,3e-06,95,0.0029772156849503517,5.095158940093825e-06,0.0003194092132616788,0.0068015302531421185,0.5920665264129639,0.0010742356535047293,0.1000000387430191,0.37840014696121216,0.46890002489089966,0.46201345324516296,0.9547916650772095,1.491860032081604,0.0904998779296875
real_045.jpg,real,0.0021,3e-06,95,0.002874072641134262,4.622299002221553e-06,0.001051830011419952,0.006340415682643652,0.6528613567352295,0.0009875131072476506,0.0999956876039505,0.5541374087333679,0.563827633857727,0.4937686622142792,0.9394481182098389,1.566422700881958,0.00969022512435913
real_046.jpg,real,0.0018,3e-06,96,0.002523826900869608,4.010406428278657e-06,0.00019128413987345994,0.005830173846334219,0.7024608254432678,0.0009967513615265489,0.09999403357505798,0.4132089614868164,0.37846386432647705,0.2448756843805313,0.8298812508583069,1.6852375268936157,0.034745097160339355
real_047.jpg,real,0.0017,2e-06,97,0.00233373511582613,3.412429350646562e-06,0.000903862586710602,0.005407415796071291,0.7281710505485535,0.0008488246239721775,0.09999030083417892,0.34034937620162964,0.3763345181941986,0.4430127441883087,0.7532486319541931,1.8190325498580933,0.03598514199256897
real_048.jpg,real,0.0015,2e-06,95,0.001966980053111911,3.0302869618026307e-06,0.0002497335080988705,0.005225387401878834,0.6930674910545349,0.0008834543405100703,0.09999945014715195,0.3811706602573395,0.40588828921318054,0.3627747893333435,0.7725400924682617,1.4652763605117798,0.024717628955841064
real_049.jpg,real,0.002,3e-06,96,0.002698886441066861,4.238985184201738e-06,0.0003282956313341856,0.006164790131151676,0.5736299157142639,0.000934719922952354,0.09999468177556992,0.4594130516052246,0.4454801678657532,0.40829765796661377,0.9803673028945923,1.421179175376892,0.013932883739471436
real_050.jpg,real,0.0018,2e-06,95,0.002424615668132901,3.4690679058257956e-06,0.00021511752856895328,0.00522311357781291,0.7126521468162537,0.0008297906024381518,0.09993529319763184,0.4126022756099701,0.42694810032844543,0.39538970589637756,0.719855546951294,1.6395127773284912,0.014345824718475342
ai_gen_001.jpg,ai_gen,0.0129,0.000115,97,0.012569953687489033,9.259249782189727e-05,0.00040179718052968383,0.011413694359362125,0.6171215772628784,0.0011603777529671788,0.10361634194850922,0.54086834192276,0.520869791507721,0.47851070761680603,0.9794278740882874,1.3226137161254883,0.019998550415039062
ai_gen_002.jpg,ai_gen,0.0045,1.3e-05,96,0.005031413398683071,1.4582653420802671e-05,7.928659033495933e-05,0.008135986514389515,0.71479332447052,0.0010511312866583467,0.10082173347473145,0.5273454785346985,0.4712482988834381,0.3458704352378845,0.7889955043792725,1.6715998649597168,0.056097179651260376
ai_gen_003.jpg,ai_gen,0.0078,4.2e-05,96,0.008076133206486702,4.0976479795062914e-05,0.00035406366805545986,0.010113345459103584,0.6634418964385986,0.0012148506939411163,0.10146825015544891,0.5961923599243164,0.5640305280685425,0.32468801736831665,0.9489526152610779,1.5795941352844238,0.032161831855773926
ai_gen_004.jpg,ai_gen,0.0079,4.4e-05,95,0.007821513339877129,3.862389348796569e-05,0.0003748985182028264,0.008032525889575481,0.7024920582771301,0.0010140438098460436,0.10104579478502274,0.4992734491825104,0.365142285823822,0.37009063363075256,0.8849986791610718,1.6269820928573608,0.13413116335868835
ai_gen_005.jpg,ai_gen,0.0145,0.000149,97,0.013926477171480656,0.00011864655243698508,0.0014766650274395943,0.011221013963222504,0.7141873240470886,0.001133606070652604,0.1034063994884491,0.3319615423679352,0.32563453912734985,0.3198474943637848,0.8483301401138306,1.7037403583526611,0.006327003240585327
ai_gen_006.jpg,ai_gen,0.0122,0.000108,96,0.011792559176683426,9.798553946893662e-05,0.0008996617398224771,0.009693579748272896,0.7199562788009644,0.0010481515200808644,0.10256688296794891,0.30073171854019165,0.43417686223983765,0.597410261631012,0.9130221009254456,1.698714017868042,0.133445143699646
ai_gen_007.jpg,ai_gen,0.0121,0.000103,98,0.011981790885329247,8.928895113058388e-05,0.0005878732190467417,0.010473154485225677,0.7008379697799683,0.001193393487483263,0.1027221530675888,0.3958687484264374,0.39752495288848877,0.41689273715019226,0.9564723968505859,1.4943795204162598,0.0016562044620513916
ai_gen_008.jpg,ai_gen,0.006,2.6e-05,98,0.006050796248018742,2.2855272618471645e-05,0.0002753756707534194,0.007748173549771309,0.7245157957077026,0.000959227152634412,0.101519875228405,0.501833438873291,0.4981513023376465,0.499992698431015,0.9467482566833496,1.800814151763916,0.0036821365356445312
ai_gen_009.jpg,ai_gen,0.0041,1.2e-05,98,0.004282963462173939,1.2224166312080342e-05,8.503466960974038e-05,0.006207993254065514,0.7368513941764832,0.0009281408274546266,0.1002606600522995,0.40858855843544006,0.5032294392585754,0.5521029829978943,0.5888850092887878,1.7682008743286133,0.09464088082313538
ai_gen_010.jpg,ai_gen,0.0021,3e-06,97,0.0029733022674918175,4.964855179423466e-06,0.0002974164381157607,0.006655764300376177,0.6260119080543518,0.0010538379428908229,0.0999998226761818,0.46263930201530457,0.4285123944282532,0.2797182500362396,0.9437616467475891,1.5079108476638794,0.03412690758705139
ai_gen_011.jpg,ai_gen,0.0115,8.8e-05,97,0.012136673554778099,7.801760511938483e-05,0.0011390018044039607,0.01186020765453577,0.5827189087867737,0.0011228974908590317,0.10303686559200287,0.41254398226737976,0.4085879325866699,0.41023629903793335,0.9779438376426697,1.0150480270385742,0.003956049680709839
ai_gen_012.jpg,ai_gen,0.0114,9e-05,95,0.010998683050274849,6.870150536997244e-05,0.0012070756638422608,0.010613953694701195,0.7290056347846985,0.0011585706379264593,0.10323268920183182,0.38170015811920166,0.3531753122806549,0.11533747613430023,0.8440747261047363,1.7078319787979126,0.028524845838546753
ai_gen_013.jpg,ai_gen,0.0023,3e-06,96,0.0031034969724714756,4.904364232061198e-06,0.00023102722479961812,0.006568639539182186,0.6328939199447632,0.0009100885945372283,0.09999798238277435,0.3966153562068939,0.38263261318206787,0.3787464201450348,0.8749036192893982,1.4872572422027588,0.01398274302482605
ai_gen_014.jpg,ai_gen,0.0081,4.7e-05,96,0.007875893265008926,3.7737419916084036e-05,0.00020158180268481374,0.007081753574311733,0.7251920104026794,0.0008320013876073062,0.10197670757770538,0.5662281513214111,0.5984575748443604,0.6577402949333191,0.7981941103935242,2.1545650959014893,0.03222942352294922
ai_gen_015.jpg,ai_gen,0.0097,6.6e-05,95,0.009791908785700798,5.740704727941193e-05,0.0004508424026425928,0.010661644861102104,0.6038604378700256,0.0011685932986438274,0.10276864469051361,0.4621555805206299,0.4349021017551422,0.4570102393627167,0.963927686214447,1.1987954378128052,0.02725347876548767
ai_gen_016.jpg,ai_gen,0.002,3e-06,97,0.0023567266762256622,3.5625157579488587e-06,1.1943855497520417e-05,0.004089714493602514,0.6675706505775452,0.0006420641439035535,0.09922123700380325,0.4225923418998718,0.49106737971305847,0.5693547129631042,0.46548184752464294,2.9265987873077393,0.06847503781318665
ai_gen_017.jpg,ai_gen,0.0058,2.3e-05,98,0.0057626101188361645,1.99595233425498e-05,0.0001750345400068909,0.0074818930588662624,0.7739265561103821,0.0010719193378463387,0.10159595310688019,0.45160168409347534,0.48034918308258057,0.24199379980564117,0.7509384155273438,1.972365140914917,0.028747498989105225
ai_gen_018.jpg,ai_gen,0.0064,2.7e-05,98,0.006603461690247059,2.386400410614442e-05,0.00031216468778438866,0.00915425643324852,0.6440505385398865,0.0011124912416562438,0.10147559642791748,0.5097212195396423,0.4951227009296417,0.39066019654273987,0.947332501411438,1.4763050079345703,0.01459851861000061
ai_gen_019.jpg,ai_gen,0.0029,7e-06,96,0.0030420066323131323,6.792237854824634e-06,5.249315654509701e-05,0.004913330078125,0.7169342041015625,0.000743430107831955,0.10018359124660492,0.4682929515838623,0.47623202204704285,0.4695377051830292,0.662883460521698,2.9853591918945312,0.007939070463180542
ai_gen_020.jpg,ai_gen,0.0128,0.000114,98,0.012871572747826576,0.00010208625462837517,0.0008607381023466587,0.010601507499814034,0.6749040484428406,0.0009736036299727857,0.10282761603593826,0.3704674243927002,0.36499711871147156,0.3677275478839874,0.9237791299819946,1.566375732421875,0.005470305681228638
ai_gen_021.jpg,ai_gen,0.0023,3e-06,95,0.0031859357841312885,5.166742084838916e-06,0.0011121563147753477,0.006654268130660057,0.6145757436752319,0.0009706710116006434,0.09999728947877884,0.4127556383609772,0.39797788858413696,0.3863675594329834,0.9671653509140015,1.5303457975387573,0.01477774977684021
ai_gen_022.jpg,ai_gen,0.0063,2.8e-05,96,0.0064704036340117455,2.7846019293065183e-05,0.00035171012859791517,0.008160041645169258,0.6782439351081848,0.001136031816713512,0.10065805166959763,0.5036759972572327,0.43105027079582214,0.16770043969154358,0.9114233255386353,1.547704815864563,0.07262572646141052
ai_gen_023.jpg,ai_gen,0.0158,0.000175,95,0.015124493278563023,0.00013551334268413484,0.000994041096419096,0.013128901831805706,0.6872261762619019,0.001353582483716309,0.10413806885480881,0.37351009249687195,0.46817460656166077,0.5888609886169434,0.9485657215118408,1.7873188257217407,0.09466451406478882
ai_gen_024.jpg,ai_gen,0.0133,0.000126,96,0.012927496805787086,0.00011181505396962166,0.0010355882113799453,0.00964163988828659,0.7235378623008728,0.0009595777955837548,0.10284874588251114,0.37563177943229675,0.3361869156360626,0.302347332239151,0.8639834523200989,1.511061191558838,0.03944486379623413
ai_gen_025.jpg,ai_gen,0.0069,3.3e-05,96,0.00699045043438673,3.263273902121e-05,0.0003344024298712611,0.008654545992612839,0.7090206146240234,0.001115756924264133,0.10120031237602234,0.5200662016868591,0.4113866984844208,0.10980278253555298,0.8899088501930237,1.5808396339416504,0.10867950320243835
ai_gen_026.jpg,ai_gen,0.0113,8.7e-05,98,0.010927928611636162,6.89379739924334e-05,0.0009725658455863595,0.010402185842394829,0.6721243858337402,0.0010628809686750174,0.1033143475651741,0.3677466809749603,0.3605464696884155,0.36414453387260437,0.9389042854309082,1.471941590309143,0.0072002112865448
ai_gen_027.jpg,ai_gen,0.0103,7.6e-05,95,0.009898697957396507,6.112550181569532e-05,0.0008570026839151978,0.00930474977940321,0.738129734992981,0.001086064730770886,0.10270537436008453,0.3951321542263031,0.33846601843833923,0.2715016007423401,0.915594756603241,1.7415506839752197,0.05666613578796387
ai_gen_028.jpg,ai_gen,0.0051,1.9e-05,96,0.0049340995028615,1.589035673532635e-05,9.011811926029623e-05,0.006508442107588053,0.7522289752960205,0.0009299725643359125,0.10136622935533524,0.6001545786857605,0.6254034042358398,0.4407777190208435,0.6978457570075989,1.6247907876968384,0.025248825550079346
ai_gen_029.jpg,ai_gen,0.0125,0.000107,96,0.0125682782381773,9.391987987328321e-05,0.0008101538405753672,0.011388860642910004,0.6043024659156799,0.0010761485900729895,0.10312489420175552,0.5137515068054199,0.43963557481765747,0.3832429051399231,0.9798553586006165,1.6131221055984497,0.07411593198776245
ai_gen_030.jpg,ai_gen,0.0042,1.3e-05,95,0.004237770102918148,1.1966904821747448e-05,0.00020394295279402286,0.006777714937925339,0.7540503740310669,0.001051803701557219,0.10100280493497849,0.40224769711494446,0.34653279185295105,0.406489759683609,0.7429710030555725,1.4032615423202515,0.05571490526199341
ai_gen_031.jpg,ai_gen,0.0127,0.000112,96,0.01237527560442686,8.957193495007232e-05,0.0005233408301137388,0.012122659012675285,0.6643399000167847,0.0011363562662154436,0.10346975177526474,0.522550642490387,0.5190598964691162,0.5208000540733337,0.979714035987854,1.3509750366210938,0.003490746021270752
ai_gen_032.jpg,ai_gen,0.0123,0.000107,95,0.011746548116207123,9.850809874478728e-05,0.0013391042593866587,0.009790457785129547,0.662018895149231,0.000991049106232822,0.10214223712682724,0.30998313426971436,0.27788451313972473,0.2642125189304352,0.8703117370605469,1.8453385829925537,0.032098621129989624
ai_gen_033.jpg,ai_gen,0.0049,1.7e-05,98,0.004944752901792526,1.5397627066704445e-05,0.0001763089094310999,0.007470044773072004,0.7222574949264526,0.001014126231893897,0.10122082382440567,0.48146679997444153,0.46929463744163513,0.45495492219924927,0.8246922492980957,1.5065268278121948,0.012172162532806396
ai_gen_034.jpg,ai_gen,0.0069,3e-05,98,0.007615783251821995,2.7840776965604164e-05,0.00032277937862090766,0.011256019584834576,0.5579789876937866,0.0011093778302893043,0.1016412302851677,0.48970600962638855,0.4836578965187073,0.48199522495269775,0.9772655963897705,1.0783365964889526,0.006048113107681274
ai_gen_035.jpg,ai_gen,0.0107,8e-05,95,0.010419338010251522,7.412531704176217e-05,0.0011658690636977553,0.009968058206140995,0.5962023735046387,0.0010899286717176437,0.10129912942647934,0.40854284167289734,0.3917717933654785,0.3765735626220703,0.9708688259124756,1.2489850521087646,0.016771048307418823
ai_gen_036.jpg,ai_gen,0.0025,4e-06,96,0.003506583860144019,5.6785142987791914e-06,0.00047204241855069995,0.006876268424093723,0.6475226879119873,0.0009289729641750455,0.09998749941587448,0.49437010288238525,0.49437010288238525,0.49437010288238525,0.9278956651687622,1.4107991456985474,0.0
ai_gen_037.jpg,ai_gen,0.0103,7.6e-05,95,0.009994438849389553,6.305296847131103e-05,0.0005500668194144964,0.009337062016129494,0.7194674015045166,0.00114942598156631,0.10258316993713379,0.3860990107059479,0.40572911500930786,0.295377254486084,0.8787922859191895,1.6390622854232788,0.019630104303359985
ai_gen_038.jpg,ai_gen,0.0061,2.7e-05,96,0.006154709495604038,2.313040204171557e-05,0.00026162617723457515,0.008017446845769882,0.7141993641853333,0.0009862649021670222,0.10134932398796082,0.4174770712852478,0.41565167903900146,0.4165627956390381,0.9004148840904236,1.6273995637893677,0.0018253922462463379
ai_gen_039.jpg,ai_gen,0.0112,9e-05,97,0.010989210568368435,8.04029477876611e-05,0.0006746363360434771,0.00966994371265173,0.6216144561767578,0.0010101879015564919,0.10204719752073288,0.43018972873687744,0.43018972873687744,0.4320007860660553,0.9251999855041504,1.499294638633728,0.0
ai_gen_040.jpg,ai_gen,0.013,0.000114,98,0.012975992634892464,9.740066161612049e-05,0.0012762182159349322,0.012971107847988605,0.6562102437019348,0.001340885879471898,0.1032404974102974,0.3625187873840332,0.3755218982696533,0.18952882289886475,0.9418463110923767,1.2330490350723267,0.013003110885620117
ai_gen_041.jpg,ai_gen,0.0093,6.1e-05,95,0.009064476005733013,4.587522562360391e-05,0.0002745831443462521,0.01020920742303133,0.7211387157440186,0.001096315449103713,0.10276907682418823,0.5762089490890503,0.5134155750274658,0.4663997292518616,0.8914855718612671,1.555332064628601,0.06279337406158447
ai_gen_042.jpg,ai_gen,0.0031,7e-06,96,0.0033189281821250916,6.838744411652442e-06,5.3026233217678964e-05,0.006350229494273663,0.7560529112815857,0.0009665549732744694,0.10028594732284546,0.5846105217933655,0.5028917789459229,0.32644373178482056,0.6751536130905151,1.9950861930847168,0.08171874284744263
ai_gen_043.jpg,ai_gen,0.0088,5.4e-05,96,0.008476280607283115,4.375728531158529e-05,0.0004629013710655272,0.008666872046887875,0.7202923893928528,0.0010491503635421395,0.10246175527572632,0.468487024307251,0.38872015476226807,0.3268965184688568,0.9003472328186035,1.6046351194381714,0.07976686954498291
ai_gen_044.jpg,ai_gen,0.0123,0.000105,95,0.011924204416573048,8.90490846359171e-05,0.0005256427102722228,0.008999154902994633,0.7298995852470398,0.0009944894118234515,0.10238949954509735,0.4961240887641907,0.48058825731277466,0.5446823835372925,0.8851428031921387,2.0483808517456055,0.015535831451416016
ai_gen_045.jpg,ai_gen,0.0111,8.5e-05,96,0.010718829929828644,6.874243990750983e-05,0.0005954075022600591,0.010121184401214123,0.7244117259979248,0.0010552512248978019,0.1033669114112854,0.3465155363082886,0.4864276349544525,0.5477368831634521,0.8494672775268555,1.6959506273269653,0.13991209864616394
ai_gen_046.jpg,ai_gen,0.0049,1.8e-05,97,0.00490002753213048,1.4885568816680461e-05,8.787058322923258e-05,0.006160601507872343,0.7380480766296387,0.0008336413302458823,0.10133455693721771,0.46073195338249207,0.5885254740715027,0.7514761090278625,0.7572804093360901,2.3851187229156494,0.12779352068901062
ai_gen_047.jpg,ai_gen,0.0116,9.5e-05,97,0.01131666824221611,8.834328036755323e-05,0.00043301540426909924,0.010589120909571648,0.6666337847709656,0.0011102351127192378,0.1014789268374443,0.4643612205982208,0.4767654240131378,0.6032984256744385,0.9618698954582214,1.3083093166351318,0.012404203414916992
ai_gen_048.jpg,ai_gen,0.0106,7.9e-05,98,0.010193396359682083,6.39511999906972e-05,0.0005472890916280448,0.00903009157627821,0.7800650596618652,0.0011055460199713707,0.10319206118583679,0.4630657136440277,0.46046096086502075,0.2997237741947174,0.86195307970047,1.8509148359298706,0.002604752779006958
ai_gen_049.jpg,ai_gen,0.0139,0.000134,97,0.01338947843760252,0.00010749525245046243,0.0007778546423651278,0.011151302605867386,0.6689971089363098,0.001037480542436242,0.1033589169383049,0.5163377523422241,0.5131198167800903,0.514725923538208,0.9332419037818909,1.3818272352218628,0.003217935562133789
ai_gen_050.jpg,ai_gen,0.0056,2.3e-05,95,0.005522551480680704,2.2061036361264996e-05,0.0003554403083398938,0.005985813681036234,0.7550387382507324,0.0008752610301598907,0.10069187730550766,0.3877250552177429,0.4654393196105957,0.5263941884040833,0.7805776596069336,2.552544355392456,0.07771426439285278
photoshop_001.jpg,photoshop,0.062,0.002788,97,0.05777768790721893,0.0024715925101190805,0.012221221812069416,0.10757075250148773,0.9749033451080322,0.011175641790032387,0.13955175876617432,0.43714940547943115,0.44023460149765015,0.4664630889892578,0.9239015579223633,1.3874573707580566,0.003085196018218994
photoshop_002.jpg,photoshop,0.0625,0.004375,95,0.04729153960943222,0.0023335174191743135,0.006649611052125692,0.11874180287122726,0.9638643860816956,0.021372435614466667,0.1373944878578186,0.4839836061000824,0.5372100472450256,0.4752715528011322,0.8435161709785461,0.8897745013237,0.05322644114494324
photoshop_003.jpg,photoshop,0.0791,0.005063,98,0.07344166934490204,0.004581082612276077,0.009117878042161465,0.1567305624485016,0.8933331966400146,0.022437753155827522,0.1479295939207077,0.6746699810028076,0.707419216632843,0.6546289920806885,0.7718656063079834,1.0205518007278442,0.0327492356300354
photoshop_004.jpg,photoshop,0.0485,0.001877,96,0.046983879059553146,0.0017794239101931453,0.008206929080188274,0.08950752019882202,0.965962827205658,0.01332816481590271,0.1339195817708969,0.37032464146614075,0.41901934146881104,0.4109621047973633,0.9046307802200317,1.3350452184677124,0.04869470000267029
photoshop_005.jpg,photoshop,0.0946,0.007642,97,0.08634526282548904,0.006396749056875706,0.011369742453098297,0.19114212691783905,0.9507185816764832,0.029979107901453972,0.15491610765457153,0.7058391571044922,0.7237197160720825,0.6629374623298645,0.8291178941726685,0.9419244527816772,0.017880558967590332
photoshop_006.jpg,photoshop,0.0722,0.004434,96,0.06770577281713486,0.0038326559588313103,0.022197315469384193,0.12908552587032318,0.9318864345550537,0.020504605025053024,0.14404016733169556,0.2947371006011963,0.3557649552822113,0.402523934841156,0.8919022083282471,1.2136013507843018,0.061027854681015015
photoshop_007.jpg,photoshop,0.0941,0.007558,98,0.08597942441701889,0.006687382236123085,0.034995321184396744,0.23346145451068878,0.9829279184341431,0.0365428701043129,0.16133487224578857,0.36615288257598877,0.4255300462245941,0.3462890684604645,0.9138950705528259,0.7326602935791016,0.05937716364860535
photoshop_008.jpg,photoshop,0.0744,0.005063,96,0.06540554016828537,0.0037631900049746037,0.012609179131686687,0.1293257772922516,0.9594241976737976,0.02177456021308899,0.14327190816402435,0.36100977659225464,0.5304566621780396,0.6669216156005859,0.9372671246528625,1.0905038118362427,0.1694468855857849
photoshop_009.jpg,photoshop,0.0688,0.003877,95,0.06405550986528397,0.0032690917141735554,0.011772988364100456,0.13325069844722748,0.9689083695411682,0.019176876172423363,0.14432579278945923,0.44671493768692017,0.4886006712913513,0.3555794060230255,0.8795946836471558,1.2669436931610107,0.04188573360443115
photoshop_010.jpg,photoshop,0.0563,0.002638,97,0.055257298052310944,0.002379962243139744,0.0068404353223741055,0.09778705984354019,0.8918390870094299,0.013685920275747776,0.1370379477739334,0.5460148453712463,0.5298420786857605,0.4954550266265869,0.9741328358650208,0.920245349407196,0.01617276668548584
photoshop_011.jpg,photoshop,0.0803,0.00554,97,0.06974094361066818,0.004289102274924517,0.04632747918367386,0.17430055141448975,0.9824426770210266,0.023938395082950592,0.15278394520282745,0.2363031655550003,0.276409387588501,0.2715540826320648,0.8438947796821594,1.2575031518936157,0.04010622203350067
photoshop_012.jpg,photoshop,0.0628,0.003218,98,0.057958997786045074,0.0028844974003732204,0.011121373623609543,0.13955813646316528,0.9854797124862671,0.020832741633057594,0.14582030475139618,0.43531566858291626,0.4789849519729614,0.4182519018650055,0.9675841331481934,1.1148532629013062,0.043669283390045166
photoshop_013.jpg,photoshop,0.1017,0.007963,97,0.09356667101383209,0.006821885704994202,0.025329913944005966,0.19680331647396088,0.978646457195282,0.024413108825683594,0.15736804902553558,0.4676918685436249,0.48570945858955383,0.4561164379119873,0.979334831237793,1.0144137144088745,0.018017590045928955
photoshop_014.jpg,photoshop,0.0922,0.007781,96,0.08155493438243866,0.006033516488969326,0.01750742830336094,0.1798195093870163,0.9738448858261108,0.02865571901202202,0.15233100950717926,0.629745602607727,0.4853939414024353,0.416146844625473,0.9680142402648926,0.9587512612342834,0.14435166120529175
photoshop_015.jpg,photoshop,0.0989,0.008649,97,0.08424186706542969,0.006062349770218134,0.01935189589858055,0.19052788615226746,0.9748216867446899,0.022384176030755043,0.15482953190803528,0.57721346616745,0.5581894516944885,0.5827417969703674,0.8566535711288452,0.8112093210220337,0.019024014472961426
photoshop_016.jpg,photoshop,0.0935,0.007305,98,0.08969626575708389,0.007058404386043549,0.035566236823797226,0.2212536334991455,0.9885583519935608,0.03530299663543701,0.1603999137878418,0.36979347467422485,0.3719295263290405,0.3370669484138489,0.9476730227470398,0.681036651134491,0.002136051654815674
photoshop_017.jpg,photoshop,0.0672,0.004651,98,0.05737350881099701,0.003197638550773263,0.011010542511940002,0.13264530897140503,0.9788808226585388,0.023946775123476982,0.14181257784366608,0.47451847791671753,0.4777696132659912,0.4189310073852539,0.9309689998626709,1.238393783569336,0.0032511353492736816
photoshop_018.jpg,photoshop,0.0557,0.002537,95,0.051779985427856445,0.0022422345355153084,0.008211449719965458,0.11699547618627548,0.9843005537986755,0.017289506271481514,0.13957591354846954,0.47460368275642395,0.5038816928863525,0.4136350154876709,0.9479010701179504,1.4100242853164673,0.02927801012992859
photoshop_019.jpg,photoshop,0.0601,0.002808,97,0.057457443326711655,0.0026767670642584562,0.007049121428281069,0.11303902417421341,0.9579299688339233,0.01483568549156189,0.14050240814685822,0.5960142016410828,0.6022756695747375,0.5475955009460449,0.88508540391922,1.2544645071029663,0.006261467933654785
photoshop_020.jpg,photoshop,0.0795,0.005047,96,0.07717154175043106,0.00485553964972496,0.02178945764899254,0.16747675836086273,0.9761773943901062,0.023972731083631516,0.1519927829504013,0.4677940905094147,0.36937960982322693,0.3356098234653473,0.953205406665802,0.8167238831520081,0.09841448068618774
photoshop_021.jpg,photoshop,0.0842,0.00575,95,0.07268085330724716,0.004003711976110935,0.0144982123747468,0.1368539184331894,0.9557987451553345,0.01328700315207243,0.1451021432876587,0.5352928638458252,0.508775532245636,0.41076013445854187,0.9323864579200745,0.9995762705802917,0.02651733160018921
photoshop_022.jpg,photoshop,0.0773,0.006411,96,0.06372419744729996,0.0039787907153368,0.008039257489144802,0.1347501277923584,0.9715931415557861,0.02487706020474434,0.14231334626674652,0.6109700202941895,0.624230682849884,0.5451908707618713,0.9480935335159302,1.4758225679397583,0.01326066255569458
photoshop_023.jpg,photoshop,0.0426,0.001641,95,0.0390232615172863,0.0014484336134046316,0.006756748538464308,0.07742919772863388,0.9762639403343201,0.013109667226672173,0.12798002362251282,0.436183363199234,0.3949283957481384,0.32159745693206787,0.898868978023529,1.9046342372894287,0.04125496745109558
photoshop_024.jpg,photoshop,0.1084,0.010427,98,0.09531084448099136,0.008624380454421043,0.01824338547885418,0.2642776668071747,0.9613531231880188,0.03678411245346069,0.16516119241714478,0.7230762243270874,0.6852127313613892,0.511540949344635,0.8661128878593445,0.551265299320221,0.03786349296569824
photoshop_025.jpg,photoshop,0.0424,0.001646,95,0.03522377833724022,0.0010705579770728946,0.006380985025316477,0.07342008501291275,0.9661218523979187,0.011288776062428951,0.1263858675956726,0.4957912564277649,0.34369003772735596,0.2709062695503235,0.82333904504776,1.4598296880722046,0.15210121870040894
photoshop_026.jpg,photoshop,0.1151,0.010101,98,0.10864272713661194,0.009417502209544182,0.03313558176159859,0.2780391275882721,0.9883251786231995,0.03714144974946976,0.16966862976551056,0.5705402493476868,0.5391372442245483,0.3012443482875824,0.9442291259765625,0.5738621354103088,0.03140300512313843
photoshop_027.jpg,photoshop,0.1732,0.036604,98,0.131028413772583,0.020224181935191154,0.04924716055393219,0.4170617163181305,0.9562671780586243,0.08130241930484772,0.17665567994117737,0.5896976590156555,0.5251131653785706,0.3553830087184906,0.9501031637191772,0.5226113796234131,0.06458449363708496
photoshop_028.jpg,photoshop,0.0897,0.008052,98,0.0796031504869461,0.005775622557848692,0.018719306215643883,0.16868801414966583,0.9601768255233765,0.02752729319036007,0.15200570225715637,0.4446295499801636,0.5145837068557739,0.39708462357521057,0.9331469535827637,0.9366547465324402,0.06995415687561035
photoshop_029.jpg,photoshop,0.0533,0.002132,98,0.050640106201171875,0.0019144430989399552,0.008510570973157883,0.07874085754156113,0.9588924050331116,0.010169240646064281,0.12959922850131989,0.3806760311126709,0.46023428440093994,0.5048925280570984,0.9410858750343323,2.1612212657928467,0.07955825328826904
photoshop_030.jpg,photoshop,0.0562,0.002978,96,0.04650169983506203,0.0019057000754401088,0.010425525717437267,0.09544737637042999,0.9661184549331665,0.014458448626101017,0.13326184451580048,0.2464522421360016,0.4421383738517761,0.5576331615447998,0.7997759580612183,2.146347761154175,0.19568613171577454
photoshop_031.jpg,photoshop,0.0901,0.007412,96,0.08103065937757492,0.006249660160392523,0.017993764951825142,0.1785854548215866,0.9721594452857971,0.02834787219762802,0.15119235217571259,0.6359446048736572,0.48164498805999756,0.4080422818660736,0.9595867395401001,1.0395084619522095,0.15429961681365967
photoshop_032.jpg,photoshop,0.0969,0.008964,97,0.07936061918735504,0.005634107626974583,0.021952753886580467,0.1682930737733841,0.9729611873626709,0.02586505375802517,0.1508050262928009,0.44208037853240967,0.491466760635376,0.5359525084495544,0.8485518097877502,0.949564516544342,0.04938638210296631
photoshop_033.jpg,photoshop,0.0678,0.004477,96,0.05798816308379173,0.0029548662714660168,0.006651992443948984,0.09766408801078796,0.8858811855316162,0.016344057396054268,0.1331627070903778,0.5677661895751953,0.5799128413200378,0.5566942691802979,0.7314687371253967,1.465991735458374,0.01214665174484253
photoshop_034.jpg,photoshop,0.0509,0.002583,98,0.04476041719317436,0.001986011629924178,0.007803457789123058,0.11202548444271088,0.9844339489936829,0.020641567185521126,0.1364716738462448,0.546139657497406,0.44938939809799194,0.3368649482727051,0.8532876968383789,1.0206007957458496,0.09675025939941406
photoshop_035.jpg,photoshop,0.0265,0.000527,95,0.025957796722650528,0.0004964476684108377,0.0016432186821475625,0.04454740509390831,0.9618174433708191,0.005743536166846752,0.11790888756513596,0.48030269145965576,0.5998514890670776,0.6196267604827881,0.8932523131370544,1.324026346206665,0.11954879760742188
photoshop_036.jpg,photoshop,0.0643,0.003246,97,0.062200456857681274,0.0032767681404948235,0.014886224642395973,0.1522107869386673,0.9835842251777649,0.0229007750749588,0.14842849969863892,0.4931655526161194,0.4431597590446472,0.38442370295524597,0.8940652012825012,0.6346498131752014,0.05000579357147217
photoshop_037.jpg,photoshop,0.0857,0.006861,96,0.07405425608158112,0.005090184509754181,0.01857377029955387,0.1884852945804596,0.9816849231719971,0.031037161126732826,0.15416060388088226,0.509562611579895,0.477358877658844,0.4253316819667816,0.8542633652687073,1.0358318090438843,0.032203733921051025
photoshop_038.jpg,photoshop,0.0637,0.003277,98,0.05956406518816948,0.0030010296031832695,0.011166667565703392,0.11894519627094269,0.9707688093185425,0.017107822000980377,0.14074450731277466,0.525080144405365,0.44033652544021606,0.3464244306087494,0.9254461526870728,1.231624722480774,0.08474361896514893
photoshop_039.jpg,photoshop,0.0599,0.003751,95,0.04956667497754097,0.002264633309096098,0.005060398019850254,0.08955389261245728,0.9630166888237,0.016120515763759613,0.13127253949642181,0.6095820665359497,0.5751383304595947,0.5797408819198608,0.9272599220275879,1.4712376594543457,0.03444373607635498
photoshop_040.jpg,photoshop,0.0708,0.005138,98,0.06110714003443718,0.0036210266407579184,0.026697153225541115,0.11720748245716095,0.9348614811897278,0.020253872498869896,0.13903076946735382,0.2609866261482239,0.29622629284858704,0.2588053345680237,0.8961130380630493,1.4336795806884766,0.03523966670036316
photoshop_041.jpg,photoshop,0.0705,0.003627,96,0.06634380668401718,0.003371936036273837,0.009510491974651814,0.1336311548948288,0.9728684425354004,0.015454389154911041,0.14603988826274872,0.6580337882041931,0.5910237431526184,0.5752349495887756,0.900402307510376,0.9168065190315247,0.06701004505157471
photoshop_042.jpg,photoshop,0.0631,0.003221,98,0.05940817669034004,0.0029212934896349907,0.014048236422240734,0.1268320083618164,0.9795615673065186,0.018135830760002136,0.14347542822360992,0.3903385400772095,0.3726779818534851,0.3936961591243744,0.9285148978233337,1.1816495656967163,0.017660558223724365
photoshop_043.jpg,photoshop,0.0567,0.002465,97,0.05267534404993057,0.0022648002486675978,0.011567853391170502,0.08032196760177612,0.9380037784576416,0.010840443894267082,0.1299535036087036,0.40971100330352783,0.4560341536998749,0.3925321698188782,0.9253277778625488,1.5732461214065552,0.046323150396347046
photoshop_044.jpg,photoshop,0.1066,0.01354,95,0.08198042958974838,0.007143970113247633,0.06532180309295654,0.21323415637016296,0.9717719554901123,0.040970198810100555,0.1551683247089386,0.23294474184513092,0.2579665780067444,0.18932262063026428,0.8596271872520447,0.9798603057861328,0.025021836161613464
photoshop_045.jpg,photoshop,0.0864,0.005798,96,0.08196956664323807,0.005673636682331562,0.06322682648897171,0.1764601767063141,0.9524529576301575,0.02383039891719818,0.1532467156648636,0.27216845750808716,0.20509763062000275,0.3238181173801422,0.8166808485984802,0.8429758548736572,0.06707082688808441
photoshop_046.jpg,photoshop,0.0446,0.001882,97,0.03911581262946129,0.0013712842483073473,0.003712685778737068,0.07434937357902527,0.9405806064605713,0.012011450715363026,0.1282559037208557,0.6045116782188416,0.632777214050293,0.5909516215324402,0.9284664988517761,1.5985599756240845,0.028265535831451416
photoshop_047.jpg,photoshop,0.1257,0.01712,95,0.09964504092931747,0.010930663906037807,0.03752685710787773,0.30492129921913147,0.9710646271705627,0.05590513348579407,0.1671997755765915,0.40868648886680603,0.5160461068153381,0.3056197166442871,0.9482190608978271,0.6263535618782043,0.1073596179485321
photoshop_048.jpg,photoshop,0.103,0.008237,97,0.0971374660730362,0.007465633563697338,0.02864694781601429,0.2065785676240921,0.980494499206543,0.028612442314624786,0.15846943855285645,0.43232548236846924,0.46447449922561646,0.38853010535240173,0.9533703327178955,0.9043806195259094,0.03214901685714722
photoshop_049.jpg,photoshop,0.0725,0.00518,96,0.06338959187269211,0.003989186603575945,0.035651788115501404,0.1411426067352295,0.9560675024986267,0.024998074397444725,0.14446425437927246,0.24659346044063568,0.2891927659511566,0.27558180689811707,0.8326597809791565,1.30852210521698,0.042599305510520935
photoshop_050.jpg,photoshop,0.0459,0.001473,97,0.047479577362537384,0.0015875156968832016,0.0046096560545265675,0.07724364101886749,0.9407244920730591,0.009705853648483753,0.13131332397460938,0.5229052305221558,0.6168791651725769,0.5230440497398376,0.9418736100196838,1.3481130599975586,0.09397393465042114
